total_cases,accuracy,recall,avg_num_diagnoses,avg_confidence,top1_accuracy,top1_confidence,top3_accuracy,top3_confidence,top5_accuracy,top5_confidence,top7_accuracy,top7_confidence,bucket
61,0.6557377049180327,0.08196721311475409,3.9836065573770494,14.784543325526933,0.0,81.22950819672131,0.0,97.19672131147541,0.0,101.2016393442623,0.0,103.49180327868852,Drinker
117,0.6068376068376068,0.15384615384615385,3.982905982905983,15.988400488400488,0.0,81.96581196581197,0.0,101.63247863247864,0.0,108.74188034188033,0.0,111.91880341880342,Unknown
36,0.4722222222222222,0.08333333333333333,3.5,15.380952380952381,0.0,79.30555555555556,0.0,98.61111111111111,0.0,104.31944444444444,0.0,107.66666666666667,Non-drinker
