total_cases,accuracy,recall,avg_num_diagnoses,avg_confidence,top1_accuracy,top1_confidence,top3_accuracy,top3_confidence,top5_accuracy,top5_confidence,top7_accuracy,top7_confidence,bucket
138,0.5797101449275363,0.13043478260869565,3.86231884057971,15.090579710144928,0.0,80.39855072463769,0.0,97.84057971014492,0.0,102.8876811594203,0.0,105.6340579710145,None
7,0.8571428571428571,0.0,4.0,18.387755102040817,0.0,85.0,0.0,111.57142857142857,0.0,122.28571428571429,0.0,128.71428571428572,Immunosuppressed/Special Treatment
68,0.6029411764705882,0.10294117647058823,3.9705882352941178,16.186974789915965,0.0,82.72058823529412,0.0,102.8529411764706,0.0,110.29558823529412,0.0,113.30882352941177,Chronic Condition Present
1,1.0,1.0,4.0,14.285714285714286,0.0,85.0,0.0,93.0,0.0,97.0,0.0,100.0,Unknown
