total_cases,accuracy,recall,avg_num_diagnoses,avg_confidence,top1_accuracy,top1_confidence,top3_accuracy,top3_confidence,top5_accuracy,top5_confidence,top7_accuracy,top7_confidence,bucket
135,0.5777777777777777,0.1259259259259259,3.859259259259259,15.32010582010582,0.0,80.62962962962963,0.0,98.91111111111111,0.0,104.2925925925926,0.0,107.24074074074075,None
7,0.8571428571428571,0.0,4.142857142857143,14.306122448979592,0.0,85.0,0.0,94.42857142857143,0.0,97.71428571428571,0.0,100.14285714285714,Immunosuppressed/Special Treatment
72,0.6111111111111112,0.125,3.9583333333333335,16.081349206349206,0.0,82.22222222222223,0.0,102.16666666666667,0.0,109.55694444444445,0.0,112.56944444444444,Chronic Condition Present
