total_cases,accuracy,recall,avg_num_diagnoses,avg_confidence,top1_accuracy,top1_confidence,top3_accuracy,top3_confidence,top5_accuracy,top5_confidence,top7_accuracy,top7_confidence,bucket
29,0.6206896551724138,0.13793103448275862,3.793103448275862,15.364532019704434,0.0,81.89655172413794,0.0,101.20689655172414,0.0,105.24137931034483,0.0,107.55172413793103,Knowledge Worker
117,0.5897435897435898,0.09401709401709402,3.982905982905983,15.643467643467643,0.0,81.58119658119658,0.0,100.05128205128206,0.0,106.33162393162392,0.0,109.5042735042735,Unknown
10,0.7,0.2,4.3,14.285714285714286,0.0,83.0,0.0,95.3,0.0,98.4,0.0,100.0,Manual Labor
18,0.5555555555555556,0.1111111111111111,3.388888888888889,15.595238095238095,0.0,77.22222222222223,0.0,96.38888888888889,0.0,105.91666666666667,0.0,109.16666666666667,Retired
38,0.6052631578947368,0.18421052631578946,3.8421052631578947,15.742481203007518,0.0,81.05263157894737,0.0,101.28947368421052,0.0,107.14473684210526,0.0,110.19736842105263,Student
2,0.5,0.0,4.5,14.285714285714286,0.0,90.0,0.0,96.0,0.0,98.4,0.0,100.0,Unemployed
