total_cases,accuracy,recall,avg_num_diagnoses,avg_confidence,top1_accuracy,top1_confidence,top3_accuracy,top3_confidence,top5_accuracy,top5_confidence,top7_accuracy,top7_confidence,bucket
29,0.6206896551724138,0.13793103448275862,3.793103448275862,15.364532019704434,0.0,81.89655172413794,0.0,101.03448275862068,0.0,105.22413793103448,0.0,107.55172413793103,Knowledge Worker
110,0.5636363636363636,0.08181818181818182,4.0181818181818185,15.72987012987013,0.0,81.27272727272727,0.0,100.4090909090909,0.0,106.86181818181818,0.0,110.10909090909091,Unknown
10,0.8,0.2,4.2,14.285714285714286,0.0,85.0,0.0,95.6,0.0,98.55,0.0,100.0,Manual Labor
21,0.6190476190476191,0.14285714285714285,3.4285714285714284,15.408163265306122,0.0,78.33333333333333,0.0,96.38095238095238,0.0,104.88095238095238,0.0,107.85714285714286,Retired
42,0.6190476190476191,0.19047619047619047,3.8095238095238093,15.603741496598639,0.0,81.19047619047619,0.0,100.54761904761905,0.0,106.20238095238095,0.0,109.22619047619048,Student
2,0.5,0.0,4.5,14.285714285714286,0.0,90.0,0.0,96.0,0.0,98.4,0.0,100.0,Unemployed
