total_cases,accuracy,recall,avg_num_diagnoses,avg_confidence,top1_accuracy,top1_confidence,top3_accuracy,top3_confidence,top5_accuracy,top5_confidence,top7_accuracy,top7_confidence,bucket
91,0.5934065934065934,0.13186813186813187,3.758241758241758,15.204081632653061,0.0,80.27472527472527,0.0,98.48351648351648,0.0,103.54945054945055,0.0,106.42857142857143,Non-smoker
93,0.5591397849462365,0.12903225806451613,4.0,15.858678955453149,0.0,81.39784946236558,0.0,100.80645161290323,0.0,107.68279569892474,0.0,111.01075268817205,Unknown
30,0.7333333333333333,0.06666666666666667,4.033333333333333,15.592857142857143,0.0,84.16666666666667,0.0,101.1,0.0,107.13666666666667,0.0,109.15,Smoker
