total_cases,accuracy,recall,avg_num_diagnoses,avg_confidence,top1_accuracy,top1_confidence,top3_accuracy,top3_confidence,top5_accuracy,top5_confidence,top7_accuracy,top7_confidence,bucket
90,0.5777777777777777,0.14444444444444443,3.7888888888888888,15.214285714285714,0.0,80.22222222222223,0.0,98.56666666666666,0.0,103.63333333333334,0.0,106.5,Non-smoker
94,0.574468085106383,0.11702127659574468,3.9680851063829787,15.841945288753799,0.0,81.43617021276596,0.0,100.70212765957447,0.0,107.55851063829788,0.0,110.8936170212766,Unknown
30,0.7333333333333333,0.06666666666666667,4.033333333333333,15.592857142857143,0.0,84.16666666666667,0.0,101.1,0.0,107.13666666666667,0.0,109.15,Smoker
