total_cases,accuracy,recall,avg_num_diagnoses,avg_confidence,top1_accuracy,top1_confidence,top3_accuracy,top3_confidence,top5_accuracy,top5_confidence,top7_accuracy,top7_confidence,bucket
93,0.5376344086021505,0.07526881720430108,3.935483870967742,15.473118279569892,0.0,81.23655913978494,0.0,99.17204301075269,0.0,105.08387096774193,0.0,108.31182795698925,Multi-System Complex
35,0.7428571428571429,0.2571428571428571,3.914285714285714,15.428571428571429,0.0,83.14285714285714,0.0,100.42857142857143,0.0,105.83714285714287,0.0,108.0,Single Symptom Only
54,0.5925925925925926,0.1111111111111111,3.888888888888889,15.847883597883598,0.0,81.11111111111111,0.0,100.94444444444444,0.0,107.86111111111111,0.0,110.93518518518519,Atypical/Vague Wording
31,0.6129032258064516,0.12903225806451613,3.838709677419355,15.391705069124423,0.0,80.80645161290323,0.0,99.70967741935483,0.0,104.90322580645162,0.0,107.74193548387096,Classic Textbook
1,1.0,0.0,3.0,14.285714285714286,0.0,50.0,0.0,90.0,0.0,98.0,0.0,100.0,Unknown
