total_cases,accuracy,recall,avg_num_diagnoses,avg_confidence,top1_accuracy,top1_confidence,top3_accuracy,top3_confidence,top5_accuracy,top5_confidence,top7_accuracy,top7_confidence,bucket
77,0.6363636363636364,0.11688311688311688,3.792207792207792,14.874768089053804,0.0,81.49350649350649,0.0,97.0,0.0,101.46103896103897,0.0,104.12337662337663,Classic Textbook
32,0.4375,0.125,4.125,16.883928571428573,0.0,79.84375,0.0,105.46875,0.0,114.625,0.0,118.1875,Atypical/Vague Wording
72,0.5277777777777778,0.06944444444444445,3.888888888888889,15.682539682539682,0.0,81.31944444444444,0.0,100.04166666666667,0.0,106.43472222222222,0.0,109.77777777777777,Multi-System Complex
32,0.8125,0.25,4.0,15.535714285714286,0.0,83.28125,0.0,101.03125,0.0,106.55625,0.0,108.75,Single Symptom Only
1,1.0,0.0,3.0,14.285714285714286,0.0,50.0,0.0,90.0,0.0,98.0,0.0,100.0,Unknown
