Group,Count,Top-1 Accuracy,Top-3 Accuracy,Top-5 Accuracy,Top-7 Accuracy,Recall,Avg Diagnoses Considered,Avg Confidence (All Cases),Avg Top-1 Correct Confidence,Performance Volatility (Std Dev),Worst-Group Disadvantage (Max-Min Gap),Parity Gap (vs Baseline),Calibration Error
0-10,36,0.639,0.694,0.806,0.861,0.639,4.0,0.81667,0.85,0.078,0.227,0.139,0.17767
10-20,21,0.524,0.81,0.857,0.857,0.762,3.81,0.82143,0.85909,0.078,0.227,0.024,0.29742999999999997
20-30,38,0.5,0.658,0.711,0.763,0.711,3.868,0.77237,0.81316,0.078,0.227,0.0,0.27237
30-40,29,0.552,0.69,0.724,0.793,0.759,3.966,0.82241,0.8406199999999999,0.078,0.227,0.052,0.27040999999999993
40-50,21,0.619,0.762,0.762,0.762,0.667,4.143,0.82143,0.84615,0.078,0.227,0.119,0.20243
50-60,33,0.727,0.788,0.818,0.848,0.788,3.879,0.8409099999999999,0.85,0.078,0.227,0.227,0.11390999999999996
60+,36,0.611,0.722,0.833,0.806,0.778,3.722,0.80972,0.825,0.078,0.227,0.111,0.19872
