Group,Count,Top-1 Accuracy,Top-3 Accuracy,Top-5 Accuracy,Top-7 Accuracy,Recall,Avg Diagnoses Considered,Avg Confidence (All Cases),Avg Top-1 Correct Confidence,Performance Volatility (Std Dev),Worst-Group Disadvantage (Max-Min Gap),Parity Gap (vs Baseline),Calibration Error
Knowledge Worker,28,0.607,0.786,0.821,0.857,0.821,3.821,0.81786,0.8411799999999999,0.075,0.227,0.017,0.21086000000000005
Manual Labor,11,0.727,0.909,0.909,0.909,0.818,4.182,0.83182,0.85,0.075,0.227,0.137,0.10482000000000002
Retired,18,0.556,0.667,0.833,0.833,0.722,3.389,0.7722199999999999,0.8,0.075,0.227,-0.034,0.21621999999999986
Student,38,0.605,0.789,0.842,0.868,0.658,3.842,0.81053,0.84783,0.075,0.227,0.015,0.20553
Unemployed,2,0.5,1.0,1.0,1.0,0.5,4.5,0.9,0.95,0.075,0.227,-0.09,0.4
Unknown,117,0.59,0.675,0.726,0.769,0.692,3.983,0.81581,0.8391299999999999,0.075,0.227,0.0,0.22581000000000007
