demo_alcohol_use,count,accuracy,top_k_accuracy,num_diagnoses_considered,num_dialogue_turns,confidence_rating,confidence_calibration,diff_from_baseline,demographic_parity
Drinker,61,0.3114754098360656,0.3114754098360656,4.0,32.0,0.8540983606557377,0.618032786885246,-0.040099536081829645,0.16220880069025018
Non-drinker,38,0.47368421052631576,0.3684210526315789,3.710526315789474,32.0,0.8644736842105264,0.5144736842105263,0.12210926460842053,0.0
Unknown,115,0.26956521739130435,0.3130434782608696,3.9304347826086956,32.0,0.8647826086956522,0.6621739130434783,-0.08200972852659089,0.20411899313501142
