demo_age_group,count,accuracy,num_diagnoses_considered,num_dialogue_turns,correct_diagnosis_considered,confidence_rating,diff_from_baseline,demographic_parity
0-1,20,0.2,3.5,32.0,4,0.8625,-0.1216937450405009,0.3625
0-10,16,0.5625,3.4375,32.0,9,0.8781249999999999,0.2408062549594991,0.0
10-20,21,0.38095238095238093,3.9047619047619047,32.0,8,0.8571428571428571,0.05925863591188002,0.18154761904761907
20-30,38,0.3157894736842105,4.157894736842105,32.0,12,0.8657894736842104,-0.0059042713562904026,0.2467105263157895
30-40,29,0.3448275862068966,4.172413793103448,32.0,10,0.8637931034482759,0.023133841166395663,0.21767241379310343
40-50,21,0.09523809523809523,4.571428571428571,32.0,2,0.8761904761904761,-0.22645564980240568,0.46726190476190477
50-60,33,0.42424242424242425,3.3333333333333335,32.0,14,0.8606060606060606,0.10254867920192334,0.13825757575757575
60+,36,0.25,4.027777777777778,32.0,9,0.8430555555555554,-0.07169374504050091,0.3125
