demo_gender,count,accuracy,top_k_accuracy,num_diagnoses_considered,num_dialogue_turns,confidence_rating,confidence_calibration,diff_from_baseline,demographic_parity
Female,92,0.3695652173913043,0.34782608695652173,4.054347826086956,32.0,0.8624999999999999,0.586413043478261,-0.031055900621118016,0.20186335403726707
Male,115,0.2608695652173913,0.30434782608695654,3.782608695652174,32.0,0.8599999999999999,0.6634782608695652,-0.13975155279503104,0.3105590062111801
Other,7,0.5714285714285714,0.2857142857142857,4.142857142857143,32.0,0.8785714285714284,0.45,0.17080745341614906,0.0
