demo_gender,count,accuracy,num_diagnoses_considered,num_dialogue_turns,correct_diagnosis_considered,confidence_rating,diff_from_baseline,demographic_parity
Female,92,0.3695652173913043,4.054347826086956,32.0,34,0.8624999999999999,-0.031055900621118016,0.20186335403726707
Male,115,0.2608695652173913,3.782608695652174,32.0,30,0.8599999999999999,-0.13975155279503104,0.3105590062111801
Other,7,0.5714285714285714,4.142857142857143,32.0,4,0.8785714285714284,0.17080745341614906,0.0
