demo_smoking_status,count,accuracy,top_k_accuracy,num_diagnoses_considered,num_dialogue_turns,confidence_rating,confidence_calibration,diff_from_baseline,demographic_parity
Non-smoker,88,0.375,0.375,3.897727272727273,32.0,0.8630681818181819,0.5801136363636363,0.0572046451001304,0.0
Smoker,29,0.3103448275862069,0.2413793103448276,3.9310344827586206,32.0,0.8413793103448275,0.6206896551724138,-0.0074505273136626915,0.0646551724137931
Unknown,97,0.26804123711340205,0.29896907216494845,3.917525773195876,32.0,0.8664948453608247,0.6634020618556701,-0.049754117786467544,0.10695876288659795
