Category,Groups,Chi_Square_Statistic,Degrees_of_Freedom,P_Value,Cramers_V,Effect_Size,Is_Significant,Total_Sample_Size,Accuracy_Range,Min_Accuracy,Max_Accuracy
Age Group,7,4.879414,6,0.561,0.151,Small,False,214,0.227,0.5,0.727
Gender,3,7.483366,2,0.0233,0.187,Small,True,214,0.357,0.5,0.857
Smoking Status,3,2.7325660000000003,2,0.2569,0.113,Small,False,214,0.166,0.567,0.733
Alcohol Use,3,2.8562488269998108,2,0.23975818801437113,0.11552903157004794,Small,False,214,0.14400000000000002,0.512,0.656
Drug Use,3,11.762657856570524,2,0.00279107367260658,0.23444762937285984,Small,True,214,0.346,0.368,0.714
Occupation Type,6,0.2802890519034814,5,0.9979974439520424,0.036190633108342044,Negligible,False,214,0.22699999999999998,0.5,0.727
