{
  "dataset_info": {
    "run_timestamp": "20250811_151640",
    "dataset": "MedQA_Ext",
    "total_cases": 214,
    "correct_cases": 142,
    "overall_accuracy": 0.6635514018691588
  },
  "recall_metrics": {
    "total_cases": 214,
    "correct_considered": 126,
    "recall_rate": 0.5887850467289719,
    "recall_percentage": 58.87850467289719
  },
  "diagnostic_breadth": {
    "average_diagnoses": 5.41588785046729,
    "min_diagnoses": 1,
    "max_diagnoses": 23,
    "total_cases": 214,
    "distribution": {
      "1": 7,
      "8": 16,
      "7": 22,
      "6": 31,
      "2": 12,
      "5": 50,
      "3": 23,
      "4": 36,
      "23": 1,
      "11": 5,
      "9": 2,
      "10": 5,
      "13": 1,
      "12": 2,
      "14": 1
    }
  },
  "confidence_metrics": {
    "mean_confidence": 0.8775233644859792,
    "mean_accuracy": 0.6635514018691588,
    "overconfidence": 0.2139719626168204,
    "calibration_error": 0.2139719626168236,
    "brier_score": 0.22636682242990638,
    "calibration_bins": {
      "bin_accuracies": [
        0,
        0,
        0,
        0.0,
        0.3333333333333333,
        0.0,
        0.25,
        0.29411764705882354,
        0.47368421052631576,
        0.8571428571428571
      ],
      "bin_confidences": [
        0,
        0,
        0,
        0.35,
        0.45,
        0.5,
        0.6375000000000001,
        0.74,
        0.8521052631578955,
        0.9475396825396841
      ],
      "bin_counts": [
        0,
        0,
        0,
        1,
        3,
        6,
        4,
        17,
        57,
        126
      ]
    }
  },
  "demographic_parity": {
    "age_group": {
      "group_metrics": {
        "30-40": {
          "accuracy": 0.6567164179104478,
          "total_cases": 67,
          "correct_cases": 44
        },
        "0-10": {
          "accuracy": 0.8108108108108109,
          "total_cases": 37,
          "correct_cases": 30
        },
        "50-60": {
          "accuracy": 0.8571428571428571,
          "total_cases": 21,
          "correct_cases": 18
        },
        "20-30": {
          "accuracy": 0.48148148148148145,
          "total_cases": 27,
          "correct_cases": 13
        },
        "40-50": {
          "accuracy": 0.5,
          "total_cases": 14,
          "correct_cases": 7
        },
        "10-20": {
          "accuracy": 0.5,
          "total_cases": 18,
          "correct_cases": 9
        },
        "60+": {
          "accuracy": 0.7,
          "total_cases": 30,
          "correct_cases": 21
        }
      },
      "parity_gap": 0.37566137566137564,
      "max_accuracy": 0.8571428571428571,
      "min_accuracy": 0.48148148148148145,
      "fairness_assessment": "Poor - High bias"
    },
    "gender": {
      "group_metrics": {
        "Female": {
          "accuracy": 0.6703296703296703,
          "total_cases": 91,
          "correct_cases": 61
        },
        "Male": {
          "accuracy": 0.6611570247933884,
          "total_cases": 121,
          "correct_cases": 80
        },
        "Other": {
          "accuracy": 0.5,
          "total_cases": 2,
          "correct_cases": 1
        }
      },
      "parity_gap": 0.17032967032967028,
      "max_accuracy": 0.6703296703296703,
      "min_accuracy": 0.5,
      "fairness_assessment": "Poor - High bias"
    },
    "smoking_status": {
      "group_metrics": {
        "Unknown": {
          "accuracy": 0.6606060606060606,
          "total_cases": 165,
          "correct_cases": 109
        },
        "Smoker": {
          "accuracy": 0.76,
          "total_cases": 25,
          "correct_cases": 19
        },
        "Non-smoker": {
          "accuracy": 0.5833333333333334,
          "total_cases": 24,
          "correct_cases": 14
        }
      },
      "parity_gap": 0.17666666666666664,
      "max_accuracy": 0.76,
      "min_accuracy": 0.5833333333333334,
      "fairness_assessment": "Poor - High bias"
    },
    "alcohol_use": {
      "group_metrics": {
        "Drinker": {
          "accuracy": 0.6119402985074627,
          "total_cases": 67,
          "correct_cases": 41
        },
        "Unknown": {
          "accuracy": 0.7021276595744681,
          "total_cases": 141,
          "correct_cases": 99
        },
        "Non-drinker": {
          "accuracy": 0.3333333333333333,
          "total_cases": 6,
          "correct_cases": 2
        }
      },
      "parity_gap": 0.3687943262411348,
      "max_accuracy": 0.7021276595744681,
      "min_accuracy": 0.3333333333333333,
      "fairness_assessment": "Poor - High bias"
    },
    "drug_use": {
      "group_metrics": {
        "User": {
          "accuracy": 0.6635514018691588,
          "total_cases": 214,
          "correct_cases": 142
        }
      },
      "parity_gap": 0.0,
      "max_accuracy": 0.6635514018691588,
      "min_accuracy": 0.6635514018691588,
      "fairness_assessment": "Insufficient groups for comparison"
    },
    "occupation_type": {
      "group_metrics": {
        "Worker": {
          "accuracy": 0.6767676767676768,
          "total_cases": 198,
          "correct_cases": 134
        },
        "Student": {
          "accuracy": 0.5,
          "total_cases": 6,
          "correct_cases": 3
        },
        "Labor": {
          "accuracy": 0.5,
          "total_cases": 10,
          "correct_cases": 5
        }
      },
      "parity_gap": 0.1767676767676768,
      "max_accuracy": 0.6767676767676768,
      "min_accuracy": 0.5,
      "fairness_assessment": "Poor - High bias"
    },
    "comorbidity_status": {
      "group_metrics": {
        "Present": {
          "accuracy": 0.68,
          "total_cases": 150,
          "correct_cases": 102
        },
        "PMHx": {
          "accuracy": 0.5789473684210527,
          "total_cases": 57,
          "correct_cases": 33
        },
        "Treatment": {
          "accuracy": 1.0,
          "total_cases": 7,
          "correct_cases": 7
        }
      },
      "parity_gap": 0.42105263157894735,
      "max_accuracy": 1.0,
      "min_accuracy": 0.5789473684210527,
      "fairness_assessment": "Poor - High bias"
    },
    "symptom_presentation": {
      "group_metrics": {
        "Textbook": {
          "accuracy": 0.75,
          "total_cases": 64,
          "correct_cases": 48
        },
        "Wording": {
          "accuracy": 0.6266666666666667,
          "total_cases": 150,
          "correct_cases": 94
        }
      },
      "parity_gap": 0.1233333333333333,
      "max_accuracy": 0.75,
      "min_accuracy": 0.6266666666666667,
      "fairness_assessment": "Poor - High bias"
    }
  }
}